{
  "train_loss": [
    0.994953093784196,
    0.9935058504343033,
    0.9925711665834699,
    0.9900906682014465,
    0.9890459605625698,
    0.9847951850720814,
    0.9777288564613887,
    0.9665768934147698,
    0.9483655095100403,
    0.9377028601510184,
    0.894558710711343,
    0.8946903837578637,
    0.8726353645324707,
    0.8060349247285298,
    0.7927082585436958,
    0.7719173346246991,
    0.7770001952137265,
    0.7546485172850745,
    0.7893127075263432,
    0.7437375954219273,
    0.7372690737247467,
    0.7305828694786344,
    0.7562047115394047,
    0.847203254699707,
    0.8432815713541848,
    0.7394577264785767,
    0.7219236705984388,
    0.7342137140887124,
    0.7441901905196053,
    0.6999835648706981,
    0.708432423216956,
    0.6119279456990105,
    0.6855028931583677,
    0.679488752569471,
    0.6846125040735517,
    0.6431144177913666,
    0.6365593756948199,
    0.5696367514984948,
    0.6170577257871628,
    0.573726834995406,
    0.6091196026120868,
    0.5731700105326516,
    0.577983415552548,
    0.5515683719090053,
    0.5255704011235919,
    0.593851951616151,
    0.5146722900015968,
    0.5149576238223484,
    0.48898833777223316,
    0.49957944452762604,
    0.5146023503371647,
    0.5132091002804893,
    0.47708237384046825,
    0.4582328051328659,
    0.5063206106424332,
    0.4477621785231999,
    0.4840959906578064,
    0.4610463295664106,
    0.4607381501368114,
    0.48054645529815126
  ],
  "val_loss": [
    0.9938989643190728,
    0.9943999130217755,
    0.993187165651165,
    0.9891047565663447,
    0.9961057950238712,
    0.9921321468275102,
    0.9887298931840991,
    0.9943961833344132,
    0.9903652873195585,
    0.8269642523077668,
    0.9406685819391345,
    0.9909210478673216,
    0.8810365424781549,
    0.807455406814325,
    0.7803720294452104,
    0.9077836929774675,
    0.945064121582469,
    0.8207519679773049,
    0.8986751017023306,
    0.9682915083697585,
    0.9543899991473214,
    0.7780619175707708,
    0.8523299713603786,
    0.9842241885232144,
    0.8824558570736745,
    0.9824263013777186,
    0.7862356695972506,
    0.6564551406219358,
    0.8514182030177507,
    0.9998968487880269,
    0.9973483085632324,
    0.792589403566767,
    0.903532437613753,
    0.9997734681504672,
    0.711901129269209,
    0.7742874886168808,
    0.8307899705699233,
    0.7317806628883862,
    0.6593676043338463,
    0.9211871008403966,
    0.6199153368590308,
    0.7456630419512265,
    0.6960545201770595,
    0.754748815395793,
    0.6197539597261147,
    0.7094152950849689,
    0.7177832488153801,
    0.6370476562468732,
    0.7219372098563147,
    0.7000464669993667,
    0.7115994486652437,
    0.726483374345498,
    0.6640560793094947,
    0.6764751252580862,
    0.6762791588658192,
    0.6581223313925696,
    0.6583207493922749,
    0.6422664581752214,
    0.6365606862990583,
    0.6780397364350615
  ],
  "train_dice": [
    0.006817897006855922,
    0.008351741724163668,
    0.011414464436452498,
    0.018917611454023393,
    0.02436356182963242,
    0.03115487712780846,
    0.06563386806781822,
    0.10260464073458431,
    0.13175407280638107,
    0.11879205469368492,
    0.16382991193356097,
    0.1633444368075663,
    0.1679368217505826,
    0.23643744557787724,
    0.23721522893296695,
    0.2569747630228501,
    0.2468346707956039,
    0.2667451736301262,
    0.23806740037095378,
    0.27169012578281065,
    0.28091982506749263,
    0.28727638916819354,
    0.25707115154645094,
    0.1579403381804165,
    0.16304291478979296,
    0.2829504987476217,
    0.292986766529038,
    0.2795265599056523,
    0.27162193707206256,
    0.3156180213383646,
    0.3069129191620362,
    0.4083916909901953,
    0.33126068810688025,
    0.33187663776331144,
    0.33015164767336486,
    0.3739689464930235,
    0.379343352729044,
    0.4482915117485092,
    0.40025686042465924,
    0.4415840320449264,
    0.407570998884954,
    0.43844450289227455,
    0.43714114601478904,
    0.4623751785309058,
    0.48990347980377685,
    0.41714976577615903,
    0.5013067314959795,
    0.5010773307022977,
    0.5250521088092687,
    0.5132059742250221,
    0.4979898230624094,
    0.4988889785098867,
    0.534689857543863,
    0.5542608453337714,
    0.5056175346422265,
    0.5664665226332481,
    0.5276503734630666,
    0.5521371501006446,
    0.5521309591162021,
    0.5314565754726726
  ],
  "val_dice": [
    0.019641047025324793,
    0.007156798106196544,
    0.05164059048146685,
    0.07698652144027505,
    0.004010059159049929,
    0.06215755348490416,
    0.15231429164150992,
    0.010829442714021467,
    0.013284219309247784,
    0.29164240899586,
    0.06650793584697544,
    0.010065971259844842,
    0.33245947578817553,
    0.19599832783380589,
    0.2462533398276819,
    0.0844842480577949,
    0.051075174048460785,
    0.17305012095479988,
    0.0932857363644472,
    0.028572655662628545,
    0.04331330121588423,
    0.22361731286004713,
    0.1449911682780558,
    0.01566722707253221,
    0.11646665300014365,
    0.005227861745891516,
    0.21213760976909385,
    0.3479135246606589,
    0.14358636184802587,
    1.0942263847568527e-10,
    0.0008660011595307812,
    0.20270232193554769,
    0.09141766555284028,
    0.0001308090859916787,
    0.28527598615854394,
    0.22131998728126226,
    0.17776794870699983,
    0.26560371859137644,
    0.343778406227609,
    0.07606030953310447,
    0.3847991193780663,
    0.2902782215868905,
    0.30195194583309865,
    0.242414641432659,
    0.38736634139570697,
    0.28685550005695337,
    0.2802768155175192,
    0.36197407881088367,
    0.27291467691603966,
    0.29769077645881853,
    0.30506508160741835,
    0.26870490007895126,
    0.33308241396674576,
    0.32034493615859416,
    0.32192745541028106,
    0.3399109145904796,
    0.3389682858164789,
    0.3559064391508086,
    0.3848639473955044,
    0.31651858171146113
  ],
  "train_iou": [
    0.003429457579003413,
    0.004214224765318246,
    0.0057958175835347795,
    0.009647779471356907,
    0.012443406505050436,
    0.01611196755466084,
    0.03511472388447146,
    0.059738797628206754,
    0.07533383761932552,
    0.06789200588507545,
    0.1009171727453122,
    0.09833193792035488,
    0.09960468236396681,
    0.14459853496667635,
    0.14787284969381356,
    0.16681557174157824,
    0.1602287747088433,
    0.16909259371947244,
    0.14649673666572732,
    0.17358520904108873,
    0.1805467321310614,
    0.18732675586949193,
    0.16465045119889085,
    0.09401019217492092,
    0.09923151460130762,
    0.18121980641212287,
    0.18622265650436343,
    0.17727226319918923,
    0.1694325502871953,
    0.20123168714853537,
    0.19676921798699146,
    0.278939540453447,
    0.21150100958217238,
    0.22234425261297971,
    0.215169537459397,
    0.2477439670699237,
    0.24645864746243631,
    0.3042513115790338,
    0.26660744459544,
    0.30003262126283703,
    0.2716521081290291,
    0.2966709497994244,
    0.29941629927495506,
    0.3197739400663974,
    0.33577757928369084,
    0.2860213203679961,
    0.346350515104681,
    0.34859603346135126,
    0.37189288509236956,
    0.36235644418132157,
    0.3460685813362248,
    0.35045346766209123,
    0.3828708881403392,
    0.4008322617531647,
    0.35650482759591506,
    0.40748725735713315,
    0.37178418467799146,
    0.39352108609392145,
    0.39147842735004484,
    0.3767900827400287
  ],