{
  "train_loss": [
    0.995081460901669,
    0.9923239414181028,
    0.9921506366559437,
    0.9897650799580983,
    0.9879078716039658,
    0.9851453006267548,
    0.9761107031788144,
    0.9732108882495335,
    0.9544699341058731,
    0.9603613061564309,
    0.942354325737272,
    0.9364063654627118,
    0.8998652185712542,
    0.8856427541800908,
    0.8783486826079232,
    0.8347942594970975,
    0.790781536272594,
    0.8866765626839229,
    0.7987665321145739,
    0.8606620877981186,
    0.8619536629744938,
    0.8284000584057399,
    0.8776363943304334,
    0.7935594362871987,
    0.7762471331017358,
    0.7617844726358142,
    0.7788574738161904,
    0.7482079948697772,
    0.7600336479289191,
    0.7821818462439946,
    0.8179348515612739,
    0.7629824983222144,
    0.7306568281991142,
    0.760372206568718,
    0.8848776029688972,
    0.904407935483115,
    0.7240660956927708,
    0.755040854215622,
    0.7419517976897103,
    0.7438598126173019,
    0.683233169572694,
    0.6742577701807022,
    0.6823918691703251,
    0.700903268797057,
    0.6577197547469821,
    0.6236449735505241,
    0.6775570852415902,
    0.6701459863356182,
    0.6374100361551557,
    0.6414638395820346,
    0.656767840896334,
    0.6443650339330945,
    0.639432926263128,
    0.6515081205538341,
    0.6589722292763847,
    0.6672750200544085,
    0.5533852257898876,
    0.6041253485849926,
    0.5933136492967606,
    0.5705553357090268,
    0.5750035409416471,
    0.572982309120042,
    0.6050829525504794,
    0.5827769998993192,
    0.5912800048078809,
    0.603734518800463,
    0.5713929470096316,
    0.5795021717037473,
    0.6007040994507926,
    0.5638837665319443,
    0.5987271474940437,
    0.5834685542753765,
    0.5102746805974415,
    0.5295861214399338,
    0.5637647743735995,
    0.5538473406008312,
    0.6046582055943353,
    0.5295330605336598,
    0.5253640924181256,
    0.6097448085035596,
    0.5251723996230534,
    0.5542936005762645,
    0.5581483883517129,
    0.5302585597549166,
    0.5441176210130964,
    0.5614709811551231,
    0.5671985532556262,
    0.5025865478175027,
    0.5133336250271116,
    0.5568939511265073,
    0.49019718383039745,
    0.5839078639234815,
    0.5206863624708993,
    0.5135014610631126,
    0.5335967093706131,
    0.5177794247865677,
    0.5827151600803647,
    0.5772727919476373,
    0.5669940050159182,
    0.5673266904694694
  ],
  "val_loss": [
    0.9937786254726473,
    0.9921436876547142,
    0.9853186900498437,
    0.9926046944055401,
    0.991206916629291,
    0.9809058758079029,
    0.9855802401167447,
    0.9607848964753698,
    0.9346267190135893,
    0.9884936829082301,
    0.983475323583259,
    0.9016084231314112,
    0.7994656113327526,
    0.999279152174465,
    0.8973656365128814,
    0.961158386996535,
    0.7613788501161044,
    0.9756413141234976,
    0.8363936308954583,
    0.9946951934548675,
    0.9426356778770196,
    0.9999188419248237,
    0.702333788402745,
    0.6679540765090067,
    0.8878551506605304,
    0.7084309028797462,
    0.9250194371723738,
    0.9752523947934635,
    0.8757506169256617,
    0.7305899330827056,
    0.9950834444311799,
    0.9439243498395701,
    0.9888130494805633,
    0.7717437089466658,
    0.996344829191927,
    0.7541724081899299,
    0.6675966489510458,
    0.7901643084698036,
    0.6713007776463618,
    0.6509229638537423,
    0.6229948948641293,
    0.7610304169967527,
    0.7123819902294972,
    0.6747129823340744,
    0.7897595753435229,
    0.756449779526132,
    0.6164792033492542,
    0.6195510430414168,
    0.7353034947739273,
    0.6581032696317454,
    0.6161292283261408,
    0.6258711658540319,
    0.7771138421824721,
    0.5911848642786995,
    0.6721656947839455,
    0.649379487897529,
    0.6452555255811723,
    0.649080469960072,
    0.7034440460752268,
    0.6928387421076415,
    0.8176026354070569,
    0.609518331582429,
    0.7186223180567632,
    0.6865293432454593,
    0.6674354701745705,
    0.6497779390851005,
    0.6539708639754623,
    0.6932836546272528,
    0.6301476339824864,
    0.6191406318398772,
    0.5838158042704473,
    0.66578807694013,
    0.614607105489637,
    0.7254859619453305,
    0.5907911462861983,
    0.6096615292986886,
    0.7077285686477286,
    0.7183672189712524,
    0.6607058839719804,
    0.6413205607992704,
    0.6437784355194842,
    0.6166217073065335,
    0.6707433813908061,
    0.6783290251356656,
    0.6299885775222153,
    0.6234848557925615,
    0.6617014740334183,
    0.6771828610388959,
    0.6432745691205635,
    0.629209322030427,
    0.5474556850605323,
    0.689827911189345,
    0.6334995129069344,
    0.6423132947233857,
    0.6250546789560162,
    0.632869608089572,
    0.6085561533443263,
    0.6579555644363654,
    0.5717923621662327,
    0.591210805001806
  ],
  "train_dice": [
    0.006480511279314148,
    0.012867537276892537,
    0.01361710001686861,
    0.019260269344904185,
    0.022148093089820985,
    0.03993097773821117,
    0.059093555510795925,
    0.06363075621092769,
    0.11837577578094456,
    0.07396976722640589,
    0.09479627427806904,
    0.1001414614703657,
    0.15554793739394407,
    0.14732236223412887,
    0.1457713983949527,
    0.19552249262382146,
    0.2407931796298463,
    0.12369930005090378,
    0.22490356676133527,
    0.15522682339116586,
    0.15820700748534272,
    0.185737012936678,
    0.133338141080201,
    0.22355502235490476,
    0.2464659241737933,
    0.2530826900531982,
    0.23216953100454493,
    0.2742175749583555,
    0.2638230228148857,
    0.23422008495464425,
    0.19923562264349923,
    0.24980966359350282,
    0.28632808939121285,
    0.25761452883307323,
    0.12289175617814142,
    0.0976612362991093,
    0.2982150533412066,
    0.25762386838143336,
    0.26963018111900755,
    0.26883000823835934,
    0.33812680654166277,
    0.339557075634826,
    0.33766161687897417,
    0.3132250504227247,
    0.36140049715419054,
    0.3927071608172393,
    0.3377641110271768,
    0.344135708559183,
    0.3777924183814891,
    0.3745819882039489,
    0.3574971390083496,
    0.36590180795567234,
    0.3748607943619762,
    0.3614864293144551,
    0.35657536912249493,
    0.3468826231672911,
    0.4623070135604239,
    0.4104887549947613,
    0.4228360690708991,
    0.44593664762744484,
    0.4413636155616871,
    0.4427551623311481,
    0.41453987099359063,
    0.43181480900536434,
    0.4251818589237385,
    0.40823776103988024,
    0.4436960484158204,
    0.4362368173595759,
    0.41192704021182386,
    0.4530311387878237,
    0.4178989718613774,
    0.42986212984191013,
    0.5063336354003246,
    0.4823540064153738,
    0.4541170820509802,
    0.4614104829751748,
    0.4082853816203889,
    0.4860717543497625,
    0.49001757647861116,
    0.40360951071672063,
    0.4905514712518856,
    0.4600201929220186,
    0.45587897741609884,
    0.48896952843565955,
    0.4666393476460257,
    0.45188357194367706,
    0.44513594421803937,
    0.5112694929274167,
    0.4984773461318019,
    0.4573390732685278,
    0.5272521701313445,
    0.42598540329069745,
    0.49178958702577574,
    0.5028751368574917,
    0.48001869976931466,
    0.497197693602972,
    0.42970319299463533,
    0.43379251721726036,
    0.44805946112399014,
    0.44846390344099024
  ],