{
  "train_loss": [
    0.511473748794536,
    0.49387890837856174,
    0.4837697590749288,
    0.45233331083022443,
    0.44793689435290307,
    0.41346104396987204,
    0.3635650928487483,
    0.35233380422764216,
    0.3307471276865792,
    0.32971031802524,
    0.32577806511490615,
    0.29761712237731697,
    0.2780630474084431,
    0.2837441742573817,
    0.26449213922023773,
    0.2685674440461336,
    0.24886464243082657,
    0.2684461710993777,
    0.24955899844464569,
    0.2424271512661398,
    0.2373639259141745,
    0.24783973649297794,
    0.24326239157583296,
    0.23156550426765815,
    0.23440662279878696,
    0.22948577431673856,
    0.20900375511228425,
    0.21478404657742411,
    0.22421378842026918,
    0.22263661695202602,
    0.2169693285964199,
    0.2190427588126094,
    0.22397304349338887,
    0.21667771863261448
  ],
  "val_loss": [
    0.4970400187704298,
    0.4944672381877899,
    0.5101416296429104,
    0.44974087291293674,
    0.4735986938741472,
    0.36617374370495476,
    0.34805316888623766,
    0.38231780532333587,
    0.4377364249361886,
    0.3385644358727667,
    0.3191842320892546,
    0.320279405646854,
    0.2890496157275306,
    0.2949758306807942,
    0.4234367177883784,
    0.4111305406689644,
    0.44230210973156825,
    0.3008422179354562,
    0.2842248565951983,
    0.4183953129251798,
    0.348537522719966,
    0.30560195753971736,
    0.3269798751340972,
    0.4393232299553023,
    0.2825541948941019,
    0.4044796235031552,
    0.3036317058735424,
    0.2654432482851876,
    0.2747490138312181,
    0.28811495900154116,
    0.31411704821719066,
    0.2809791972902086,
    0.3164700706799825,
    0.2734884277317259
  ],
  "train_dice": [
    0.027997151620744367,
    0.1459182787938575,
    0.18729229578153112,
    0.25860101895567855,
    0.17127108011491687,
    0.24619284862526036,
    0.33554300226941697,
    0.3440981402757401,
    0.38825477005123793,
    0.386657968047953,
    0.3943962212551583,
    0.44570967401669864,
    0.48353208848415635,
    0.47144994038801197,
    0.5073806989195766,
    0.4999872702257848,
    0.5403660683990937,
    0.49613610100489836,
    0.5344415409870953,
    0.5496150399592801,
    0.5564255525584325,
    0.5367843680505875,
    0.5456401798732984,
    0.5665429735911319,
    0.5606038285191481,
    0.5716036783071528,
    0.6104296202298968,
    0.5972391607464046,
    0.5792688298756627,
    0.5841764355170216,
    0.5952067401703165,
    0.5908182852314766,
    0.5822180482093448,
    0.5961171134382016
  ],
  "val_dice": [
    0.012653416137349847,
    0.13450905736777227,
    0.1993344274609732,
    0.24192070360562526,
    0.07307644639614932,
    0.32423832482646836,
    0.3738767713856259,
    0.2721741644728718,
    0.18144394328225627,
    0.4037504959229491,
    0.416259732162904,
    0.4368623348511007,
    0.4862639005497476,
    0.45862452189620606,
    0.18659863473053068,
    0.20747417404285548,
    0.15211515977999956,
    0.44411945690578275,
    0.5129901365763988,
    0.299271381525197,
    0.35307200832428604,
    0.4519637463326038,
    0.4026301323552872,
    0.17278991578352196,
    0.5127053968429521,
    0.23117509668932285,
    0.45894380506763394,
    0.5076684762480245,
    0.48895732186826296,
    0.46238443858768674,
    0.4073570633907425,
    0.47267553152628927,
    0.40272679483613116,
    0.4911145348117365
  ],
  "train_iou": [
    0.016660085425433763,
    0.08878757447306188,
    0.11282435539688715,
    0.16001008427526275,
    0.1074429712805764,
    0.15323967055818322,
    0.2202578208987461,
    0.23089043365544695,
    0.2597202694817835,
    0.2622072610278954,
    0.2680790487446851,
    0.3075687735067451,
    0.34222093834337564,
    0.33672033767898263,
    0.3666571714285575,
    0.35874635829589696,
    0.39089857205842554,
    0.3557939769305767,
    0.38820395553700116,
    0.400779867568963,
    0.40710663784173406,
    0.3888182482626937,
    0.39681286174891445,
    0.41774049810768604,
    0.41434621862590904,
    0.4198489539730595,
    0.45549093543254526,
    0.44534328580193105,
    0.42914243314091993,
    0.43601981347081276,
    0.4404644586716062,
    0.44174334413479177,
    0.43592578989716985,
    0.44084977452546337
  ],
  "val_iou": [
    0.008345862176322478,
    0.08703356433095001,
    0.12848228081450028,
    0.15445088804750182,
    0.04506437787199084,
    0.22393147516890505,
    0.25998886299459356,
    0.18773997303276577,
    0.12228003485618537,
    0.28063804483684696,
    0.2989806995742817,
    0.308581135852394,
    0.3515311895286482,
    0.332468506095082,
    0.1258689457978106,
    0.13755545209460612,
    0.0990434654580797,
    0.3164915284785626,
    0.3690874571084212,
    0.19458547091615847,
    0.2508273020972917,
    0.32456844215506836,
    0.29385408819700437,
    0.11140558323253814,
    0.3703158664455758,
    0.15590054836911374,
    0.3212813415879706,
    0.3688895578511648,
    0.35829134552894953,
    0.33545028199487803,
    0.28974903776841165,
    0.34146200325113896,
    0.28492587099324257,
    0.35924284941014256
  ],
  "epoch_time": [
    2.673795461654663,
    2.304370641708374,
    2.412898540496826,
    2.2924351692199707,
    2.2907280921936035,
    2.281525135040283,
    2.3159539699554443,
    2.294290781021118,
    2.3082377910614014,
    2.2831666469573975,
    2.2754669189453125,
    2.3109922409057617,
    2.324371337890625,
    2.301865577697754,
    2.3111016750335693,
    2.3098552227020264,
    2.28554630279541,
    2.3210291862487793,
    2.306976079940796,
    2.3103349208831787,
    2.322807550430298,
    2.307215452194214,
    2.2841012477874756,
    2.2670161724090576,
    2.2610199451446533,
    2.2717666625976562,
    2.323772668838501,
    2.2892303466796875,
    2.315474271774292,
    2.29435658454895,
    2.3235208988189697,
    2.319044589996338,
    2.300692319869995,
    2.3183364868164062
  ]
}