{
  "train_loss": [
    0.975924424289428,
    0.9468487089442224,
    0.834487537133325,
    0.7233732361154458,
    0.6585311594697618,
    0.6757728942890757,
    0.5800815955879762,
    0.5493005833674952,
    0.5308756152379144,
    0.5306836563287322,
    0.4877463880273485,
    0.5003293807973567,
    0.5064651148835408,
    0.49849701542215247,
    0.48615275523097246,
    0.46192980672895295,
    0.4812972269107386,
    0.44404460535835977,
    0.46469509417248756,
    0.4678550774289161,
    0.4452115530820237,
    0.4357954349714456,
    0.43873323361898203,
    0.4274917195752724,
    0.39348865108391673,
    0.4081003168194564,
    0.42544039131439837,
    0.47568928949611705,
    0.4298645092039993,
    0.41041244981215175,
    0.39407476936418984,
    0.4108601845416826,
    0.41666707673023656,
    0.42630767207784753,
    0.4079156229176472,
    0.42163864423319236,
    0.416527309983047,
    0.40444527090210275,
    0.3821779348186611,
    0.3963644197306682,
    0.3681059154038577,
    0.36958290621177436,
    0.3773185610771179,
    0.3825574763042411,
    0.3714994960224506,
    0.40520790741615687,
    0.3749583025568539,
    0.34644431428810984,
    0.35809333115508873,
    0.3611901328735745,
    0.36838778515451964,
    0.3616333603858948,
    0.3297366026750545,
    0.3440665326167628,
    0.3285927655770607,
    0.3437949621800295,
    0.35013953312156126,
    0.33156481723195497,
    0.34512278468338486,
    0.3255173330454482,
    0.3323566772274135,
    0.3371265751799357,
    0.326627093492095,
    0.32998296157600954,
    0.31278552468290033,
    0.31776160554787547,
    0.3191710728959939,
    0.3128764912025216,
    0.3087388320067494,
    0.318100056082932,
    0.31877984705659534,
    0.30474205791335746,
    0.3106043854939569,
    0.30099426286736713,
    0.2987720161369166,
    0.3099197769902416,
    0.30557267321753745,
    0.30940649742932663
  ],
  "val_loss": [
    0.9763055621253119,
    0.9305529756016201,
    0.9070816026793586,
    0.7701636950174967,
    0.6857117668787638,
    0.7338304985894097,
    0.7609769688712226,
    0.639590249326494,
    0.641839190589057,
    0.7853497208489312,
    0.8232325381702847,
    0.6568482104937235,
    0.6359554968939887,
    0.5767093653149075,
    0.6166068514188131,
    0.6745930727322896,
    0.579199153052436,
    0.543028072251214,
    0.5767231596840753,
    0.5693133184644911,
    0.587946977880266,
    0.882947194841173,
    0.6913454503483243,
    0.6322428835762872,
    0.5225472344292534,
    0.6200073379940457,
    0.9704615479045444,
    0.6493703672620985,
    0.5317088217205471,
    0.591707644197676,
    0.5558563145001729,
    0.614797810183631,
    0.9651097787751092,
    0.5354418698946635,
    0.5162133410241869,
    0.6157178152932061,
    0.5774291356404623,
    0.557535104751587,
    0.6783844184875488,
    0.48076333284378053,
    0.5487037436167399,
    0.5527069939507379,
    0.5587461842430963,
    0.6200615207354228,
    0.6940690451198154,
    0.6142523792054918,
    0.4936553496784634,
    0.5669692010349697,
    0.47953045659595067,
    0.5461644424332512,
    0.6666082790162828,
    0.6174492865138583,
    0.5306657234827677,
    0.45788316355811226,
    0.4686824668778313,
    0.5144556927680969,
    0.5473654044999017,
    0.49476405143737795,
    0.5270191791322496,
    0.5233082270622254,
    0.5026178386476304,
    0.5637382758988274,
    0.447255998717414,
    0.6257996394899157,
    0.5517939138412475,
    0.5431557289759318,
    0.6047847040494283,
    0.5424925616052416,
    0.4941438847117954,
    0.4655824210908678,
    0.5893670988082885,
    0.5876873434914482,
    0.5045278135935466,
    0.5101394420199924,
    0.7099966171052721,
    0.48847861766815187,
    0.5045610454347399,
    0.650524857574039
  ],
  "train_dice": [
    0.03820973450154075,
    0.12081483318451919,
    0.28611266491737364,
    0.33375354948533453,
    0.37465887703624917,
    0.34339812007984705,
    0.4417076441918147,
    0.4697445382118023,
    0.4854684040497103,
    0.48478340605329673,
    0.5279391402948318,
    0.5116300624438571,
    0.5085632498531282,
    0.5130078688852481,
    0.5254270008539866,
    0.5474470587499123,
    0.5271006380387522,
    0.5655167598401054,
    0.5446394068609637,
    0.541851926369123,
    0.5644841326476057,
    0.5720811690048204,
    0.5685833898169168,
    0.5798483300769782,
    0.6153748868195981,
    0.5998975725642396,
    0.5839415417004944,
    0.5331168302655529,
    0.5777330990156092,
    0.596174066319071,
    0.6131530608388261,
    0.5965754151501952,
    0.5897015434756151,
    0.5814056436056051,
    0.5996349037962122,
    0.5838301236571046,
    0.5882013728114655,
    0.6020036752552341,
    0.6243992108599766,
    0.6093410445570857,
    0.6383498217807468,
    0.6374881943056911,
    0.6294238787173296,
    0.6229535323480575,
    0.6347938599901958,
    0.5998671823531153,
    0.6329456839165417,
    0.6589443600447593,
    0.6478793552850095,
    0.6437585915338851,
    0.6376030009940494,
    0.6436501246201143,
    0.6761095849659925,
    0.6615626319803372,
    0.6755921284574461,
    0.6619868161573653,
    0.6542066433878032,
    0.6735240304513771,
    0.6605921077571396,
    0.6801641316070979,
    0.6740817849176511,
    0.6674485188802071,
    0.6793669771620783,
    0.6756852964167619,
    0.6930781413365306,
    0.6882626794590735,
    0.6869789535953976,
    0.6925263163686116,
    0.6967217599703446,
    0.6866018077855066,
    0.6860845752016664,
    0.7006494895512808,
    0.6946487977322107,
    0.7040602112900859,
    0.7070151139487838,
    0.6954740609506042,
    0.699233615687571,
    0.6956006677607974
  ],
  "val_dice": [
    0.04449585261907467,
    0.283215570716326,
    0.10311916582597189,
    0.22731108296494304,
    0.3159960759974811,
    0.2727934690619053,
    0.23968226812065874,
    0.36343381184476714,
    0.35978833008133826,
    0.2105565629548192,
    0.17283992458687752,
    0.3456015236629011,
    0.3616074628155633,
    0.43464646438051696,
    0.38392527721687364,
    0.3203866839100414,
    0.4328214995624818,
    0.4732453173873826,
    0.43380309537404754,
    0.4348294239360835,
    0.4228754339369549,
    0.11469593640661917,
    0.3066518067749229,
    0.36765874945763566,
    0.4798450547934474,
    0.3813991148439003,
    0.028902172979271213,
    0.35035240631562403,
    0.46772302085602535,
    0.4063290545782781,
    0.4444569409940155,
    0.3818438878605772,
    0.03506064718057982,
    0.46447997881240166,
    0.4987813222759879,
    0.3858606543318692,
    0.4271793719928043,
    0.44923343837791435,
    0.3246247307644675,
    0.5258512795074054,
    0.4636295489415246,
    0.4598334649937152,
    0.4515767113528532,
    0.38557858728617256,
    0.3049205291844896,
    0.38320568917834597,
    0.5070393326620841,
    0.4317755285814462,
    0.5209743480167046,
    0.45427325130642265,
    0.33183566088383,
    0.38090937552831805,
    0.4677111270293718,
    0.5439570011601208,
    0.5349280819094467,
    0.4857890938612585,
    0.4515746934781705,
    0.5071303688538805,
    0.4734300133987381,
    0.4766100437474369,
    0.49893911332367297,
    0.4345698559927258,
    0.5543907779636433,
    0.37231477049342204,
    0.4461755395903948,
    0.4559886323040451,
    0.39333737291363907,
    0.4562202954146799,
    0.5065705800607266,
    0.5359270039429975,
    0.4086958119541289,
    0.41052201412220213,
    0.49520669204902257,
    0.4892707260643528,
    0.2869298682468132,
    0.5113480325332335,
    0.4967911636589232,
    0.34795790221747286
  ],